NOMBRE_REGION,NOMBRE_REGION,CODIGO_CIRCUITO,VOTOS_TOTALES_PRES,VOTOS_FIT_PRES,PORCENTAJE_FIT_PRES,VOTOS_CF_PRES,PORCENTAJE_CF_PRES,VOTOS_FDT_PRES,PORCENTAJE_FDT_PRES,VOTOS_JXC_PRES,PORCENTAJE_JXC_PRES,VOTOS_NOS_PRES,PORCENTAJE_NOS_PRES,VOTOS_ULD_PRES,PORCENTAJE_ULD_PRES,VOTOS_NULO_PRES,PORCENTAJE_NULO_PRES,VOTOS_RECURRIDO_PRES,PORCENTAJE_RECURRIDO_PRES,VOTOS_IMPUGNADO_PRES,PORCENTAJE_IMPUGNADO_PRES,VOTOS_BLANCO_PRES,PORCENTAJE_BLANCO_PRES,VOTOS_OTROS_PRES,PORCENTAJE_OTROS_PRES
COMUNA 01,COMUNA 01,1001000001,7137,343,4.81,483,6.77,3002,42.06,2637,36.95,75,1.05,209,2.93,46,0.64,1,0.01,3,0.04,215,3.01,123,1.72
COMUNA 01,COMUNA 01,1001000002,6643,335,5.04,456,6.86,2868,43.17,2274,34.23,81,1.22,219,3.3,77,1.16,2,0.03,0,0.0,220,3.31,111,1.67
COMUNA 01,COMUNA 01,1001000003,3377,31,0.92,181,5.36,466,13.8,2467,73.05,25,0.74,139,4.12,11,0.33,1,0.03,0,0.0,42,1.24,14,0.41
COMUNA 01,COMUNA 01,1001000005,5402,176,3.26,184,3.41,3616,66.94,899,16.64,70,1.3,93,1.72,58,1.07,5,0.09,1,0.02,242,4.48,58,1.07
COMUNA 01,COMUNA 01,1001000006,11110,148,1.33,433,3.9,1150,10.35,8458,76.13,233,2.1,363,3.27,50,0.45,4,0.04,1,0.01,210,1.89,60,0.54
COMUNA 01,COMUNA 01,1001000007,5335,106,1.99,284,5.32,877,16.44,3539,66.34,148,2.77,178,3.34,44,0.82,1,0.02,0,0.0,110,2.06,48,0.9
COMUNA 01,COMUNA 01,1001000008,5738,133,2.32,357,6.22,1277,22.26,3337,58.16,110,1.92,213,3.71,33,0.58,1,0.02,1,0.02,213,3.71,63,1.1
COMUNA 01,COMUNA 01,1001000009,7313,201,2.75,521,7.12,1961,26.82,3826,52.32,142,1.94,301,4.12,71,0.97,0,0.0,3,0.04,186,2.54,101,1.38
COMUNA 01,COMUNA 01,1001000010,8189,273,3.33,648,7.91,2199,26.85,4151,50.69,128,1.56,320,3.91,84,1.03,9,0.11,0,0.0,239,2.92,138,1.69
COMUNA 01,COMUNA 01,1001000011,8197,290,3.54,660,8.05,2968,36.21,3385,41.3,95,1.16,326,3.98,63,0.77,8,0.1,0,0.0,273,3.33,129,1.57
COMUNA 01,COMUNA 01,1001000012,7778,294,3.78,576,7.41,2880,37.03,3181,40.9,120,1.54,273,3.51,45,0.58,1,0.01,1,0.01,273,3.51,134,1.72
COMUNA 01,COMUNA 01,1001000013,8908,406,4.56,754,8.46,3347,37.57,3451,38.74,100,1.12,318,3.57,82,0.92,7,0.08,0,0.0,271,3.04,172,1.93
COMUNA 01,COMUNA 01,1001000014,3528,126,3.57,249,7.06,1259,35.69,1501,42.55,55,1.56,128,3.63,36,1.02,1,0.03,0,0.0,108,3.06,65,1.84
COMUNA 01,COMUNA 01,1001000015,5819,259,4.45,428,7.36,2541,43.67,2021,34.73,71,1.22,166,2.85,53,0.91,4,0.07,0,0.0,174,2.99,102,1.75
COMUNA 01,COMUNA 01,1001000016,5959,287,4.82,458,7.69,2397,40.22,2196,36.85,64,1.07,178,2.99,55,0.92,0,0.0,0,0.0,209,3.51,115,1.93
COMUNA 01,COMUNA 01,1001000017,8788,391,4.45,657,7.48,3681,41.89,3108,35.37,88,1.0,280,3.19,97,1.1,7,0.08,0,0.0,297,3.38,182,2.07
COMUNA 01,COMUNA 01,1001000018,4918,219,4.45,405,8.24,2172,44.16,1582,32.17,66,1.34,165,3.36,38,0.77,2,0.04,2,0.04,155,3.15,112,2.28
COMUNA 01,COMUNA 01,1001000019,7895,350,4.43,571,7.23,3638,46.08,2555,32.36,92,1.17,237,3.0,67,0.85,8,0.1,2,0.03,237,3.0,138,1.75
COMUNA 02,COMUNA 02,1002000020,7172,131,1.83,332,4.63,1433,19.98,4656,64.92,103,1.44,242,3.37,48,0.67,10,0.14,2,0.03,154,2.15,61,0.85
COMUNA 02,COMUNA 02,1002000021,8085,115,1.42,301,3.72,790,9.77,6176,76.39,186,2.3,260,3.22,41,0.51,1,0.01,0,0.0,154,1.9,61,0.75
COMUNA 02,COMUNA 02,1002000022,11880,342,2.88,866,7.29,2362,19.88,7211,60.7,146,1.23,435,3.66,79,0.66,4,0.03,7,0.06,299,2.52,129,1.09
COMUNA 02,COMUNA 02,1002000023,14764,386,2.61,1044,7.07,2937,19.89,9003,60.98,222,1.5,520,3.52,116,0.79,11,0.07,4,0.03,340,2.3,181,1.23
COMUNA 02,COMUNA 02,1002000024,9718,222,2.28,589,6.06,1565,16.1,6371,65.56,251,2.58,310,3.19,58,0.6,7,0.07,4,0.04,242,2.49,99,1.02
COMUNA 02,COMUNA 02,1002000025,9396,175,1.86,477,5.08,1311,13.95,6529,69.49,215,2.29,313,3.33,54,0.57,3,0.03,1,0.01,221,2.35,97,1.03
COMUNA 02,COMUNA 02,1002000026,12262,190,1.55,653,5.33,1560,12.72,8703,70.98,322,2.63,418,3.41,82,0.67,0,0.0,1,0.01,234,1.91,99,0.81
COMUNA 02,COMUNA 02,1002000027,9160,261,2.85,674,7.36,1995,21.78,5223,57.02,174,1.9,342,3.73,93,1.02,0,0.0,0,0.0,262,2.86,136,1.48
COMUNA 02,COMUNA 02,1002000028,13232,488,3.69,993,7.5,3443,26.02,7062,53.37,132,1.0,480,3.63,112,0.85,2,0.02,0,0.0,353,2.67,167,1.26
COMUNA 02,COMUNA 02,1002000029,8625,310,3.59,675,7.83,2219,25.73,4585,53.16,90,1.04,307,3.56,73,0.85,1,0.01,2,0.02,234,2.71,129,1.5
COMUNA 03,COMUNA 03,1003000030,7996,307,3.84,717,8.97,2435,30.45,3734,46.7,68,0.85,248,3.1,98,1.23,1,0.01,0,0.0,270,3.38,118,1.48
COMUNA 03,COMUNA 03,1003000031,8885,342,3.85,720,8.1,2717,30.58,4178,47.02,118,1.33,311,3.5,104,1.17,1,0.01,0,0.0,269,3.03,125,1.41
COMUNA 03,COMUNA 03,1003000032,7971,328,4.11,643,8.07,2558,32.09,3504,43.96,143,1.79,272,3.41,96,1.2,1,0.01,0,0.0,266,3.34,160,2.01
COMUNA 03,COMUNA 03,1003000033,6477,290,4.48,532,8.21,2221,34.29,2723,42.04,65,1.0,213,3.29,73,1.13,1,0.02,0,0.0,240,3.71,119,1.84
COMUNA 03,COMUNA 03,1003000034,10017,404,4.03,815,8.14,3451,34.45,4217,42.1,120,1.2,399,3.98,114,1.14,4,0.04,0,0.0,328,3.27,165,1.65
COMUNA 03,COMUNA 03,1003000035,9320,435,4.67,799,8.57,3672,39.4,3444,36.95,136,1.46,273,2.93,107,1.15,3,0.03,0,0.0,283,3.04,168,1.8
COMUNA 03,COMUNA 03,1003000036,6242,322,5.16,523,8.38,2722,43.61,1998,32.01,82,1.31,203,3.25,65,1.04,1,0.02,0,0.0,212,3.4,114,1.83
COMUNA 03,COMUNA 03,1003000037,8264,368,4.45,695,8.41,3270,39.57,3056,36.98,93,1.13,289,3.5,86,1.04,2,0.02,0,0.0,259,3.13,146,1.77
COMUNA 03,COMUNA 03,1003000038,9115,382,4.19,722,7.92,3546,38.9,3502,38.42,103,1.13,326,3.58,75,0.82,1,0.01,0,0.0,275,3.02,183,2.01
COMUNA 03,COMUNA 03,1003000039,9584,419,4.37,725,7.56,3590,37.46,3779,39.43,117,1.22,364,3.8,105,1.1,0,0.0,0,0.0,313,3.27,172,1.79
COMUNA 03,COMUNA 03,1003000040,7370,314,4.26,609,8.26,2726,36.99,2919,39.61,75,1.02,264,3.58,81,1.1,5,0.07,0,0.0,241,3.27,136,1.85
COMUNA 03,COMUNA 03,1003000041,13765,676,4.91,1133,8.23,5548,40.31,4833,35.11,166,1.21,478,3.47,156,1.13,3,0.02,6,0.04,476,3.46,290,2.11
COMUNA 03,COMUNA 03,1003000042,12151,537,4.42,1052,8.66,4683,38.54,4615,37.98,133,1.09,411,3.38,139,1.14,2,0.02,1,0.01,358,2.95,220,1.81
COMUNA 04,COMUNA 04,1004000043,9222,436,4.73,822,8.91,3609,39.13,3324,36.04,116,1.26,337,3.65,96,1.04,1,0.01,0,0.0,334,3.62,147,1.59
COMUNA 04,COMUNA 04,1004000044,7296,351,4.81,673,9.22,2825,38.72,2670,36.6,56,0.77,261,3.58,99,1.36,0,0.0,0,0.0,238,3.26,123,1.69
COMUNA 04,COMUNA 04,1004000045,5354,248,4.63,349,6.52,2313,43.2,1837,34.31,54,1.01,171,3.19,57,1.06,2,0.04,0,0.0,235,4.39,88,1.64
COMUNA 04,COMUNA 04,1004000046,4894,223,4.56,377,7.7,2108,43.07,1625,33.2,57,1.16,165,3.37,45,0.92,1,0.02,0,0.0,207,4.23,86,1.76
COMUNA 04,COMUNA 04,1004000047,11199,339,3.03,498,4.45,7324,65.4,1747,15.6,133,1.19,137,1.22,97,0.87,0,0.0,6,0.05,821,7.33,97,0.87
COMUNA 04,COMUNA 04,1004000048,10301,420,4.08,862,8.37,3775,36.65,4186,40.64,108,1.05,335,3.25,93,0.9,2,0.02,1,0.01,339,3.29,180,1.75
COMUNA 04,COMUNA 04,1004000049,9162,434,4.74,697,7.61,3752,40.95,3225,35.2,143,1.56,293,3.2,101,1.1,3,0.03,3,0.03,330,3.6,181,1.98
COMUNA 04,COMUNA 04,1004000050,11010,498,4.52,917,8.33,3474,31.55,5020,45.59,82,0.74,365,3.32,140,1.27,9,0.08,1,0.01,335,3.04,169,1.53
COMUNA 04,COMUNA 04,1004000051,8029,304,3.79,667,8.31,2580,32.13,3575,44.53,65,0.81,282,3.51,69,0.86,5,0.06,6,0.07,327,4.07,149,1.86
COMUNA 04,COMUNA 04,1004000052,9377,410,4.37,576,6.14,4322,46.09,2934,31.29,143,1.53,241,2.57,91,0.97,5,0.05,10,0.11,459,4.89,186,1.98
COMUNA 04,COMUNA 04,1004000053,10605,388,3.66,717,6.76,4936,46.54,3252,30.66,164,1.55,273,2.57,106,1.0,1,0.01,0,0.0,587,5.54,181,1.71
COMUNA 04,COMUNA 04,1004000054,11533,528,4.58,908,7.87,4547,39.43,4284,37.15,163,1.41,340,2.95,115,1.0,3,0.03,0,0.0,421,3.65,224,1.94
COMUNA 04,COMUNA 04,1004000055,7434,292,3.93,623,8.38,3347,45.02,2344,31.53,98,1.32,228,3.07,96,1.29,0,0.0,4,0.05,276,3.71,126,1.69
COMUNA 04,COMUNA 04,1004000056,6819,291,4.27,587,8.61,3043,44.63,2131,31.25,74,1.09,207,3.04,75,1.1,0,0.0,0,0.0,306,4.49,105,1.54
COMUNA 04,COMUNA 04,1004000057,14664,636,4.34,1398,9.53,5882,40.11,5037,34.35,166,1.13,499,3.4,146,1.0,4,0.03,4,0.03,586,4.0,306,2.09
COMUNA 05,COMUNA 05,1005000058,10885,518,4.76,1013,9.31,4307,39.57,3815,35.05,126,1.16,406,3.73,119,1.09,2,0.02,0,0.0,356,3.27,223,2.05
COMUNA 05,COMUNA 05,1005000059,10370,537,5.18,968,9.33,4141,39.93,3597,34.69,112,1.08,365,3.52,97,0.94,2,0.02,0,0.0,363,3.5,188,1.81
COMUNA 05,COMUNA 05,1005000060,12272,579,4.72,1192,9.71,4623,37.67,4518,36.82,116,0.95,415,3.38,136,1.11,3,0.02,0,0.0,440,3.59,250,2.04
COMUNA 05,COMUNA 05,1005000061,11715,466,3.98,1074,9.17,3824,32.64,5182,44.23,109,0.93,412,3.52,85,0.73,6,0.05,0,0.0,314,2.68,243,2.07
COMUNA 05,COMUNA 05,1005000062,8030,362,4.51,752,9.36,2998,37.33,3040,37.86,110,1.37,287,3.57,82,1.02,4,0.05,3,0.04,234,2.91,158,1.97
COMUNA 05,COMUNA 05,1005000063,15545,741,4.77,1398,8.99,5292,34.04,6464,41.58,161,1.04,580,3.73,134,0.86,5,0.03,3,0.02,489,3.15,278,1.79
COMUNA 05,COMUNA 05,1005000064,16707,754,4.51,1445,8.65,5926,35.47,6911,41.37,173,1.04,541,3.24,164,0.98,2,0.01,2,0.01,492,2.94,297,1.78
COMUNA 05,COMUNA 05,1005000065,10511,508,4.83,897,8.53,3636,34.59,4403,41.89,123,1.17,337,3.21,112,1.07,9,0.09,1,0.01,303,2.88,182,1.73
COMUNA 05,COMUNA 05,1005000066,10201,490,4.8,900,8.82,3560,34.9,4134,40.53,116,1.14,402,3.94,104,1.02,3,0.03,0,0.0,308,3.02,184,1.8
COMUNA 05,COMUNA 05,1005000067,15739,785,4.99,1424,9.05,5478,34.81,6425,40.82,114,0.72,532,3.38,149,0.95,2,0.01,6,0.04,511,3.25,313,1.99
COMUNA 06,COMUNA 06,1006000068,15756,732,4.65,1504,9.55,5312,33.71,6575,41.73,121,0.77,547,3.47,151,0.96,9,0.06,0,0.0,501,3.18,304,1.93
COMUNA 06,COMUNA 06,1006000069,22541,820,3.64,2095,9.29,6101,27.07,11308,50.17,164,0.73,846,3.75,197,0.87,11,0.05,2,0.01,666,2.95,331,1.47
COMUNA 06,COMUNA 06,1006000070,20657,886,4.29,1950,9.44,6630,32.1,9052,43.82,170,0.82,740,3.58,191,0.92,5,0.02,0,0.0,668,3.23,365,1.77
COMUNA 06,COMUNA 06,1006000071,24706,915,3.7,2238,9.06,7046,28.52,11937,48.32,202,0.82,966,3.91,225,0.91,4,0.02,1,0.0,762,3.08,410,1.66
COMUNA 06,COMUNA 06,1006000072,10797,533,4.94,1094,10.13,3805,35.24,4115,38.11,127,1.18,425,3.94,135,1.25,5,0.05,3,0.03,336,3.11,219,2.03
COMUNA 06,COMUNA 06,1006000073,13841,670,4.84,1347,9.73,4644,33.55,5739,41.46,113,0.82,471,3.4,143,1.03,4,0.03,0,0.0,472,3.41,238,1.72
COMUNA 06,COMUNA 06,1006000074,19296,692,3.59,1843,9.55,5010,25.96,9724,50.39,187,0.97,764,3.96,157,0.81,2,0.01,3,0.02,563,2.92,351,1.82
COMUNA 07,COMUNA 07,1007000075,8290,310,3.74,853,10.29,2729,32.92,3512,42.36,62,0.75,339,4.09,80,0.97,3,0.04,3,0.04,246,2.97,153,1.85
COMUNA 07,COMUNA 07,1007000076,13226,509,3.85,1365,10.32,4522,34.19,5451,41.21,119,0.9,543,4.11,129,0.98,5,0.04,1,0.01,366,2.77,216,1.63
COMUNA 07,COMUNA 07,1007000077,10301,417,4.05,1041,10.11,4044,39.26,3636,35.3,93,0.9,428,4.15,87,0.84,2,0.02,13,0.13,356,3.46,184,1.79
COMUNA 07,COMUNA 07,1007000078,8198,280,3.42,751,9.16,3228,39.38,3008,36.69,87,1.06,302,3.68,99,1.21,5,0.06,0,0.0,282,3.44,156,1.9
COMUNA 07,COMUNA 07,1007000079,10081,416,4.13,903,8.96,3253,32.27,4428,43.92,136,1.35,327,3.24,79,0.78,3,0.03,25,0.25,363,3.6,148,1.47
COMUNA 07,COMUNA 07,1007000080,10634,461,4.34,1107,10.41,3357,31.57,4483,42.16,84,0.79,468,4.4,100,0.94,2,0.02,5,0.05,373,3.51,194,1.82
COMUNA 07,COMUNA 07,1007000081,9812,404,4.12,928,9.46,3029,30.87,4396,44.8,105,1.07,330,3.36,107,1.09,13,0.13,0,0.0,308,3.14,192,1.96
COMUNA 07,COMUNA 07,1007000082,11311,451,3.99,1057,9.34,3704,32.75,4832,42.72,127,1.12,439,3.88,94,0.83,6,0.05,2,0.02,411,3.63,188,1.66
COMUNA 07,COMUNA 07,1007000083,16294,558,3.42,1586,9.73,4286,26.3,8093,49.67,176,1.08,663,4.07,151,0.93,7,0.04,1,0.01,497,3.05,276,1.69
COMUNA 07,COMUNA 07,1007000084,8846,342,3.87,955,10.8,3102,35.07,3437,38.85,108,1.22,347,3.92,104,1.18,0,0.0,0,0.0,292,3.3,159,1.8
COMUNA 07,COMUNA 07,1007000085,6089,218,3.58,722,11.86,1819,29.87,2656,43.62,44,0.72,264,4.34,64,1.05,1,0.02,0,0.0,195,3.2,106,1.74
COMUNA 07,COMUNA 07,1007000086,21039,881,4.19,1504,7.15,10828,51.47,5319,25.28,303,1.44,649,3.08,231,1.1,5,0.02,5,0.02,942,4.48,372,1.77
COMUNA 08,COMUNA 08,1008000087,23153,820,3.54,1392,6.01,13195,56.99,5405,23.34,248,1.07,546,2.36,263,1.14,22,0.1,17,0.07,916,3.96,329,1.42
COMUNA 08,COMUNA 08,1008000088,13116,485,3.7,1278,9.74,4785,36.48,5092,38.82,167,1.27,465,3.55,182,1.39,0,0.0,0,0.0,472,3.6,190,1.45
COMUNA 08,COMUNA 08,1008000089,36250,1434,3.96,2892,7.98,16874,46.55,11281,31.12,533,1.47,992,2.74,428,1.18,6,0.02,1,0.0,1278,3.53,531,1.46
COMUNA 08,COMUNA 08,1008000090,34601,1279,3.7,2735,7.9,16949,48.98,10070,29.1,473,1.37,961,2.78,373,1.08,17,0.05,50,0.14,1126,3.25,568,1.64
COMUNA 09,COMUNA 09,1009000091,6731,246,3.65,405,6.02,3885,57.72,1406,20.89,127,1.89,215,3.19,86,1.28,1,0.01,0,0.0,283,4.2,77,1.14
COMUNA 09,COMUNA 09,1009000092,10706,489,4.57,1069,9.99,3956,36.95,3911,36.53,152,1.42,464,4.33,135,1.26,6,0.06,0,0.0,338,3.16,186,1.74
COMUNA 09,COMUNA 09,1009000093,6695,254,3.79,646,9.65,2752,41.11,2292,34.23,64,0.96,220,3.29,83,1.24,2,0.03,0,0.0,258,3.85,124,1.85
COMUNA 09,COMUNA 09,1009000094,8441,380,4.5,844,10.0,3345,39.63,2937,34.79,97,1.15,310,3.67,88,1.04,0,0.0,0,0.0,297,3.52,143,1.69
COMUNA 09,COMUNA 09,1009000095,15018,621,4.14,1545,10.29,5633,37.51,5581,37.16,167,1.11,572,3.81,194,1.29,0,0.0,0,0.0,437,2.91,268,1.78
COMUNA 09,COMUNA 09,1009000096,8485,367,4.33,881,10.38,3498,41.23,2816,33.19,100,1.18,292,3.44,86,1.01,0,0.0,0,0.0,303,3.57,142,1.67
COMUNA 09,COMUNA 09,1009000097,10997,426,3.87,991,9.01,4780,43.47,3630,33.01,154,1.4,354,3.22,103,0.94,1,0.01,2,0.02,380,3.46,176,1.6
COMUNA 09,COMUNA 09,1009000098,16240,568,3.5,1901,11.71,5873,36.16,6194,38.14,158,0.97,665,4.09,156,0.96,11,0.07,1,0.01,454,2.8,259,1.59
COMUNA 09,COMUNA 09,1009000099,8796,310,3.52,1060,12.05,2867,32.59,3680,41.84,110,1.25,318,3.62,82,0.93,3,0.03,0,0.0,248,2.82,118,1.34
COMUNA 09,COMUNA 09,1009000100,11076,403,3.64,1223,11.04,3559,32.13,4625,41.76,120,1.08,456,4.12,90,0.81,2,0.02,3,0.03,434,3.92,161,1.45
COMUNA 09,COMUNA 09,1009000101,13447,504,3.75,1434,10.66,4649,34.57,5432,40.4,146,1.09,489,3.64,150,1.12,2,0.01,24,0.18,386,2.87,231,1.72
COMUNA 10,COMUNA 10,1010000102,10509,436,4.15,1188,11.3,3197,30.42,4472,42.55,132,1.26,451,4.29,112,1.07,2,0.02,0,0.0,359,3.42,160,1.52
COMUNA 10,COMUNA 10,1010000103,10289,409,3.98,1137,11.05,3268,31.76,4241,41.22,191,1.86,382,3.71,133,1.29,3,0.03,1,0.01,349,3.39,175,1.7
COMUNA 10,COMUNA 10,1010000104,10113,414,4.09,1137,11.24,3544,35.04,3847,38.04,127,1.26,340,3.36,138,1.36,0,0.0,0,0.0,385,3.81,181,1.79
COMUNA 10,COMUNA 10,1010000105,14873,627,4.22,1575,10.59,4901,32.95,6171,41.49,169,1.14,531,3.57,166,1.12,19,0.13,4,0.03,461,3.1,249,1.67
COMUNA 10,COMUNA 10,1010000106,9278,404,4.35,1036,11.17,3120,33.63,3643,39.26,122,1.31,323,3.48,119,1.28,17,0.18,2,0.02,316,3.41,176,1.9
COMUNA 10,COMUNA 10,1010000107,15517,637,4.11,1624,10.47,5380,34.67,6207,40.0,169,1.09,583,3.76,169,1.09,7,0.05,0,0.0,459,2.96,282,1.82
COMUNA 10,COMUNA 10,1010000108,9711,470,4.84,980,10.09,3393,34.94,3751,38.63,82,0.84,372,3.83,106,1.09,4,0.04,12,0.12,370,3.81,171,1.76
COMUNA 10,COMUNA 10,1010000109,15192,738,4.86,1500,9.87,5238,34.48,5987,39.41,205,1.35,519,3.42,159,1.05,6,0.04,2,0.01,576,3.79,262,1.72
COMUNA 10,COMUNA 10,1010000110,8071,337,4.18,881,10.92,3084,38.21,2932,36.33,89,1.1,285,3.53,95,1.18,5,0.06,0,0.0,201,2.49,162,2.01
COMUNA 10,COMUNA 10,1010000111,8598,390,4.54,878,10.21,2963,34.46,3361,39.09,101,1.17,323,3.76,81,0.94,2,0.02,2,0.02,347,4.04,150,1.74
COMUNA 10,COMUNA 10,1010000112,6582,286,4.35,669,10.16,2390,36.31,2459,37.36,90,1.37,258,3.92,84,1.28,3,0.05,0,0.0,208,3.16,135,2.05
COMUNA 11,COMUNA 11,1011000113,10248,458,4.47,1097,10.7,3504,34.19,4036,39.38,87,0.85,415,4.05,107,1.04,5,0.05,0,0.0,348,3.4,191,1.86
COMUNA 11,COMUNA 11,1011000114,13509,560,4.15,1402,10.38,4667,34.55,5400,39.97,123,0.91,499,3.69,151,1.12,3,0.02,1,0.01,469,3.47,234,1.73
COMUNA 11,COMUNA 11,1011000115,9425,440,4.67,941,9.98,3580,37.98,3440,36.5,92,0.98,349,3.7,120,1.27,2,0.02,0,0.0,291,3.09,170,1.8
COMUNA 11,COMUNA 11,1011000116,13646,615,4.51,1355,9.93,5051,37.01,5146,37.71,168,1.23,499,3.66,148,1.08,7,0.05,2,0.01,416,3.05,239,1.75
COMUNA 11,COMUNA 11,1011000117,14829,640,4.32,1521,10.26,4875,32.87,6185,41.71,146,0.98,525,3.54,182,1.23,3,0.02,0,0.0,503,3.39,249,1.68
COMUNA 11,COMUNA 11,1011000118,11656,446,3.83,1164,9.99,3389,29.08,5398,46.31,123,1.06,441,3.78,106,0.91,2,0.02,0,0.0,399,3.42,188,1.61
COMUNA 11,COMUNA 11,1011000119,14519,539,3.71,1562,10.76,4361,30.04,6579,45.31,150,1.03,510,3.51,138,0.95,6,0.04,0,0.0,441,3.04,233,1.6
COMUNA 11,COMUNA 11,1011000120,15266,579,3.79,1645,10.78,4175,27.35,7126,46.68,219,1.43,654,4.28,187,1.22,1,0.01,4,0.03,429,2.81,247,1.62
COMUNA 11,COMUNA 11,1011000121,12467,460,3.69,1393,11.17,3636,29.16,5535,44.4,209,1.68,495,3.97,144,1.16,2,0.02,1,0.01,403,3.23,189,1.52
COMUNA 11,COMUNA 11,1011000122,10589,282,2.66,896,8.46,2278,21.51,6016,56.81,102,0.96,448,4.23,125,1.18,3,0.03,0,0.0,281,2.65,158,1.49
COMUNA 11,COMUNA 11,1011000123,11582,442,3.82,1277,11.03,3272,28.25,5240,45.24,127,1.1,494,4.27,133,1.15,8,0.07,13,0.11,383,3.31,193,1.67
COMUNA 12,COMUNA 12,1012000124,13349,544,4.08,1291,9.67,4745,35.55,5300,39.7,185,1.39,500,3.75,144,1.08,2,0.01,0,0.0,424,3.18,214,1.6
COMUNA 12,COMUNA 12,1012000125,17581,727,4.14,1832,10.42,5447,30.98,7697,43.78,170,0.97,634,3.61,189,1.08,6,0.03,4,0.02,544,3.09,331,1.88
COMUNA 12,COMUNA 12,1012000126,14680,652,4.44,1496,10.19,4700,32.02,6206,42.28,173,1.18,543,3.7,148,1.01,2,0.01,3,0.02,497,3.39,260,1.77
COMUNA 12,COMUNA 12,1012000127,19338,672,3.48,1895,9.8,4800,24.82,10053,51.99,169,0.87,764,3.95,174,0.9,7,0.04,3,0.02,524,2.71,277,1.43
COMUNA 12,COMUNA 12,1012000128,15923,686,4.31,1672,10.5,4812,30.22,7057,44.32,127,0.8,648,4.07,143,0.9,0,0.0,0,0.0,501,3.15,277,1.74
COMUNA 12,COMUNA 12,1012000129,20511,831,4.05,1854,9.04,5891,28.72,9682,47.2,239,1.17,806,3.93,212,1.03,5,0.02,0,0.0,670,3.27,321,1.57
COMUNA 12,COMUNA 12,1012000130,13885,553,3.98,1207,8.69,4117,29.65,6485,46.71,124,0.89,552,3.98,128,0.92,3,0.02,3,0.02,490,3.53,223,1.61
COMUNA 12,COMUNA 12,1012000131,4523,191,4.22,455,10.06,1343,29.69,2036,45.01,58,1.28,176,3.89,41,0.91,0,0.0,3,0.07,140,3.1,80,1.77
COMUNA 12,COMUNA 12,1012000132,15977,673,4.21,1468,9.19,5242,32.81,6851,42.88,212,1.33,628,3.93,189,1.18,5,0.03,11,0.07,474,2.97,224,1.4
COMUNA 12,COMUNA 12,1012000133,16392,651,3.97,1644,10.03,4696,28.65,7691,46.92,164,1.0,651,3.97,159,0.97,3,0.02,0,0.0,456,2.78,277,1.69
COMUNA 13,COMUNA 13,1013000134,6838,249,3.64,577,8.44,1554,22.73,3770,55.13,74,1.08,267,3.9,72,1.05,0,0.0,0,0.0,182,2.66,93,1.36
COMUNA 13,COMUNA 13,1013000135,9470,277,2.93,768,8.11,2146,22.66,5340,56.39,62,0.65,396,4.18,79,0.83,1,0.01,0,0.0,258,2.72,143,1.51
COMUNA 13,COMUNA 13,1013000136,11514,487,4.23,961,8.35,2859,24.83,5983,51.96,139,1.21,411,3.57,91,0.79,2,0.02,5,0.04,415,3.6,161,1.4
COMUNA 13,COMUNA 13,1013000137,11092,429,3.87,1066,9.61,2830,25.51,5648,50.92,138,1.24,401,3.62,109,0.98,0,0.0,4,0.04,302,2.72,165,1.49
COMUNA 13,COMUNA 13,1013000138,22404,740,3.3,1831,8.17,4681,20.89,12916,57.65,267,1.19,838,3.74,205,0.92,5,0.02,0,0.0,605,2.7,316,1.41
COMUNA 13,COMUNA 13,1013000139,14138,451,3.19,1102,7.79,2754,19.48,8399,59.41,173,1.22,516,3.65,115,0.81,6,0.04,1,0.01,435,3.08,186,1.32
COMUNA 13,COMUNA 13,1013000140,6549,239,3.65,484,7.39,1572,24.0,3602,55.0,48,0.73,256,3.91,41,0.63,1,0.02,1,0.02,223,3.41,82,1.25
COMUNA 13,COMUNA 13,1013000141,11241,303,2.7,823,7.32,2465,21.93,6615,58.85,89,0.79,421,3.75,82,0.73,2,0.02,0,0.0,298,2.65,143,1.27
COMUNA 13,COMUNA 13,1013000142,18669,329,1.76,983,5.27,2153,11.53,13665,73.2,208,1.11,694,3.72,114,0.61,2,0.01,3,0.02,382,2.05,136,0.73
COMUNA 13,COMUNA 13,1013000143,13904,426,3.06,1069,7.69,2718,19.55,8317,59.82,159,1.14,561,4.03,123,0.88,6,0.04,0,0.0,363,2.61,162,1.17
COMUNA 13,COMUNA 13,1013000144,6206,199,3.21,392,6.32,1100,17.72,3894,62.75,88,1.42,244,3.93,52,0.84,2,0.03,0,0.0,173,2.79,62,1.0
COMUNA 13,COMUNA 13,1013000145,11891,508,4.27,990,8.33,3406,28.64,5707,47.99,122,1.03,408,3.43,114,0.96,4,0.03,1,0.01,459,3.86,172,1.45
COMUNA 13,COMUNA 13,1013000146,8866,374,4.22,713,8.04,2879,32.47,3946,44.51,95,1.07,313,3.53,87,0.98,2,0.02,0,0.0,309,3.49,148,1.67
COMUNA 13,COMUNA 13,1013000147,15980,446,2.79,1204,7.53,3253,20.36,9473,59.28,186,1.16,595,3.72,126,0.79,3,0.02,1,0.01,491,3.07,202,1.26
COMUNA 14,COMUNA 14,1014000148,17184,421,2.45,1257,7.31,2938,17.1,10921,63.55,258,1.5,627,3.65,109,0.63,2,0.01,3,0.02,449,2.61,199,1.16
COMUNA 14,COMUNA 14,1014000149,19267,422,2.19,1278,6.63,3157,16.39,12733,66.09,282,1.46,639,3.32,116,0.6,0,0.0,3,0.02,441,2.29,196,1.02
COMUNA 14,COMUNA 14,1014000150,9692,118,1.22,419,4.32,978,10.09,7446,76.83,124,1.28,311,3.21,37,0.38,8,0.08,2,0.02,181,1.87,68,0.7
COMUNA 14,COMUNA 14,1014000151,19469,378,1.94,1113,5.72,3099,15.92,13282,68.22,194,1.0,703,3.61,127,0.65,8,0.04,3,0.02,398,2.04,164,0.84
COMUNA 14,COMUNA 14,1014000152,14959,381,2.55,903,6.04,2737,18.3,9637,64.42,132,0.88,510,3.41,95,0.64,6,0.04,8,0.05,386,2.58,164,1.1
COMUNA 14,COMUNA 14,1014000153,17576,619,3.52,1341,7.63,4435,25.23,9473,53.9,185,1.05,592,3.37,151,0.86,5,0.03,4,0.02,477,2.71,294,1.67
COMUNA 14,COMUNA 14,1014000154,20312,770,3.79,1553,7.65,5746,28.29,10239,50.41,175,0.86,693,3.41,225,1.11,5,0.02,2,0.01,604,2.97,300,1.48
COMUNA 14,COMUNA 14,1014000155,18366,692,3.77,1465,7.98,5643,30.73,8774,47.77,250,1.36,575,3.13,174,0.95,2,0.01,0,0.0,511,2.78,280,1.52
COMUNA 14,COMUNA 14,1014000156,7567,341,4.51,662,8.75,2644,34.94,3161,41.77,71,0.94,263,3.48,74,0.98,0,0.0,0,0.0,241,3.18,110,1.45
COMUNA 14,COMUNA 14,1014000157,12392,533,4.3,1026,8.28,4228,34.12,5332,43.03,106,0.86,421,3.4,114,0.92,3,0.02,1,0.01,414,3.34,214,1.73
COMUNA 15,COMUNA 15,1015000158,15289,710,4.64,1375,8.99,5309,34.72,6189,40.48,110,0.72,507,3.32,189,1.24,7,0.05,0,0.0,592,3.87,301,1.97
COMUNA 15,COMUNA 15,1015000159,9436,450,4.77,823,8.72,3581,37.95,3662,38.81,89,0.94,287,3.04,86,0.91,1,0.01,0,0.0,285,3.02,172,1.82
COMUNA 15,COMUNA 15,1015000160,17775,874,4.92,1651,9.29,6088,34.25,7269,40.89,126,0.71,579,3.26,182,1.02,8,0.05,1,0.01,667,3.75,330,1.86
COMUNA 15,COMUNA 15,1015000161,15639,759,4.85,1463,9.35,5785,36.99,5974,38.2,126,0.81,520,3.33,146,0.93,6,0.04,3,0.02,571,3.65,286,1.83
COMUNA 15,COMUNA 15,1015000162,12689,658,5.19,1107,8.72,5324,41.96,4299,33.88,119,0.94,402,3.17,117,0.92,6,0.05,2,0.02,417,3.29,238,1.88
COMUNA 15,COMUNA 15,1015000163,9538,444,4.66,737,7.73,4095,42.93,3291,34.5,73,0.77,252,2.64,75,0.79,3,0.03,1,0.01,369,3.87,198,2.08
COMUNA 15,COMUNA 15,1015000164,8654,455,5.26,660,7.63,3329,38.47,3225,37.27,78,0.9,262,3.03,154,1.78,6,0.07,0,0.0,340,3.93,145,1.68
COMUNA 15,COMUNA 15,1015000165,15832,700,4.42,1396,8.82,5412,34.18,6670,42.13,143,0.9,552,3.49,164,1.04,11,0.07,9,0.06,532,3.36,243,1.53
COMUNA 15,COMUNA 15,1015000166,13176,588,4.46,1204,9.14,4893,37.14,5191,39.4,117,0.89,470,3.57,133,1.01,9,0.07,0,0.0,370,2.81,201,1.53
COMUNA 15,COMUNA 15,1015000167,10519,456,4.34,1072,10.19,3317,31.53,4574,43.48,93,0.88,372,3.54,112,1.06,4,0.04,0,0.0,366,3.48,153,1.45
